Approach,Description,Advantages,Disadvantages,Resource Requirements,Timing Predictability,Implementation Complexity,Best Use Cases
Model Optimization,"Quantization, pruning, and compression techniques to reduce model size and complexity","Reduced memory footprint; Faster inference; Lower power consumption; Compatible with existing RTOS","May lose some accuracy; Requires model retraining; Limited to specific model architectures",Low to Medium,High,"Medium (requires ML expertise)","Resource-constrained embedded systems; Battery-powered devices; Simple classification tasks"
Temporal Partitioning,"Time-triggered execution and slack time utilization for ML tasks","Maintains timing guarantees; No interference with critical tasks; Easier certification","ML features available only during slack time; May underutilize ML capabilities; Requires careful timing analysis",Low,Very High,"Medium (requires real-time analysis)","Safety-critical systems; Mixed-criticality applications; Hard real-time requirements"
Hardware Acceleration,"NPUs, FPGAs, DSPs for dedicated ML processing","Deterministic execution times; High performance; Reduced CPU load; Energy efficient","Higher cost; Increased complexity; May require specialized development tools",High,Very High,"High (hardware/software co-design)","High-performance embedded systems; Automotive; Industrial automation"
Adaptive Scheduling,"RL-based or ML-driven dynamic scheduling policies","Optimizes resource utilization; Adapts to workload changes; Improves overall system performance","Non-deterministic behavior; Difficult to verify; May cause deadline misses during learning",Medium,Low to Medium,"High (requires RL/ML expertise)","Dynamic workloads; Soft real-time systems; Cloud-edge hybrid systems"
Fault Prediction,"Anomaly detection and predictive maintenance using ML","Proactive fault handling; Reduced downtime; Improved reliability; Preventive actions","False positives; Requires training data; Additional monitoring overhead",Medium,Medium,"Medium to High","Industrial IoT; Critical infrastructure; Long-running systems"
Hybrid Architecture,"Combining deterministic RTOS with ML layers and safety monitors","Balances adaptability and predictability; Fail-safe mechanisms; Easier certification","More complex system design; Requires careful interface design; Higher development effort",Medium to High,High,"High (system architecture design)","Automotive; Medical devices; Aerospace; Safety-critical adaptive systems"
Edge Computing,"Offloading ML computation to edge or cloud resources","Leverages powerful remote resources; Enables complex models; Easier updates","Network latency; Connectivity dependency; Security concerns; Not suitable for hard real-time",Variable (depends on connectivity),Low to Medium,"Medium (network infrastructure)","IoT applications; Smart cities; Connected devices with relaxed timing"
Time-Bounded ML,"Limiting ML execution with timeout mechanisms","Prevents deadline violations; Maintains system stability; Simple implementation","Incomplete inference; Reduced accuracy; Wasted computation if interrupted",Low to Medium,High,"Low to Medium","Applications tolerating partial results; Best-effort ML services; Soft real-time"
Incremental Inference,"Breaking ML computation into smaller chunks across time slots","Spreads computational load; More predictable per-chunk timing; Flexible scheduling","Requires state management; Increased memory for intermediate results; Not all models support this",Medium,Medium to High,"High (requires model modification)","Recurrent networks; Streaming applications; Pipelined processing"
